﻿<?xml version="1.0"?>
<doc>
<assembly>
<name>
GlassButtonVB
</name>
</assembly>
<members>
<member name="F:Glass.GlassButton.components">
	<summary>
 Required designer variable.
 </summary>
</member><member name="M:Glass.GlassButton.Dispose(System.Boolean)">
	<summary>
 Clean up any resources being used.
 </summary>
	<param name="disposing">true if managed resources should be disposed; otherwise, false.</param>
</member><member name="M:Glass.GlassButton.InitializeComponent">
	<summary>
 Required method for Designer support - do not modify 
 the contents of this method with the code editor.
 </summary>
</member><member name="M:Glass.GlassButton.#ctor">
	<summary> 
 Initializes a new instance of the <see cref="T:Glass.GlassButton"/> class. 
 </summary>
</member><member name="P:Glass.GlassButton.BackColor">
	<summary> 
 Gets or sets the background color of the control. 
 </summary>
	<returns>A <see cref="T:System.Drawing.Color"/> value representing the background color.</returns>
</member><member name="P:Glass.GlassButton.ForeColor">
	<summary> 
 Gets or sets the foreground color of the control. 
 </summary>
	<returns>The foreground <see cref="T:System.Drawing.Color"/> of the control.</returns>
</member><member name="P:Glass.GlassButton.InnerBorderColor">
	<summary> 
 Gets or sets the inner border color of the control. 
 </summary>
	<returns>A <see cref="T:System.Drawing.Color"/> value representing the color of the inner border.</returns>
</member><member name="P:Glass.GlassButton.OuterBorderColor">
	<summary> 
 Gets or sets the outer border color of the control. 
 </summary>
	<returns>A <see cref="T:System.Drawing.Color"/> value representing the color of the outer border.</returns>
</member><member name="P:Glass.GlassButton.ShineColor">
	<summary> 
 Gets or sets the shine color of the control. 
 </summary>
	<returns>A <see cref="T:System.Drawing.Color"/> value representing the shine color.</returns>
</member><member name="P:Glass.GlassButton.GlowColor">
	<summary> 
 Gets or sets the glow color of the control. 
 </summary>
	<returns>A <see cref="T:System.Drawing.Color"/> value representing the glow color.</returns>
</member><member name="P:Glass.GlassButton.FadeOnFocus">
	<summary> 
 Gets or sets a value indicating whether the button should fade in and fade out when it's getting and loosing the focus. 
 </summary>
	<value><c>true</c> if fading with changing the focus; otherwise, <c>false</c>.</value>
</member><member name="P:Glass.GlassButton.State">
	<summary> 
 Gets the state of the button control. 
 </summary>
	<value>The state of the button control.</value>
</member><member name="E:Glass.GlassButton.InnerBorderColorChanged">
	<summary>Occurs when the value of the <see cref="P:Glass.GlassButton.InnerBorderColor"/> property changes.</summary>
</member><member name="M:Glass.GlassButton.OnInnerBorderColorChanged(System.EventArgs)">
	<summary> 
 Raises the <see cref="E:Glass.GlassButton.InnerBorderColorChanged"/> event. 
 </summary>
	<param name="e">An <see cref="T:System.EventArgs"/> that contains the event data.</param>
</member><member name="E:Glass.GlassButton.OuterBorderColorChanged">
	<summary>Occurs when the value of the <see cref="P:Glass.GlassButton.OuterBorderColor"/> property changes.</summary>
</member><member name="M:Glass.GlassButton.OnOuterBorderColorChanged(System.EventArgs)">
	<summary> 
 Raises the <see cref="E:Glass.GlassButton.OuterBorderColorChanged"/> event. 
 </summary>
	<param name="e">An <see cref="T:System.EventArgs"/> that contains the event data.</param>
</member><member name="E:Glass.GlassButton.ShineColorChanged">
	<summary>Occurs when the value of the <see cref="P:Glass.GlassButton.ShineColor"/> property changes.</summary>
</member><member name="M:Glass.GlassButton.OnShineColorChanged(System.EventArgs)">
	<summary> 
 Raises the <see cref="E:Glass.GlassButton.ShineColorChanged"/> event. 
 </summary>
	<param name="e">An <see cref="T:System.EventArgs"/> that contains the event data.</param>
</member><member name="E:Glass.GlassButton.GlowColorChanged">
	<summary>Occurs when the value of the <see cref="P:Glass.GlassButton.GlowColor"/> property changes.</summary>
</member><member name="M:Glass.GlassButton.OnGlowColorChanged(System.EventArgs)">
	<summary> 
 Raises the <see cref="E:Glass.GlassButton.GlowColorChanged"/> event. 
 </summary>
	<param name="e">An <see cref="T:System.EventArgs"/> that contains the event data.</param>
</member><member name="M:Glass.GlassButton.OnSizeChanged(System.EventArgs)">
	<summary> 
 Raises the <see cref="E:System.Windows.Forms.Control.SizeChanged"/> event. 
 </summary>
	<param name="e">An <see cref="T:System.EventArgs"/> that contains the event data.</param>
</member><member name="M:Glass.GlassButton.OnClick(System.EventArgs)">
	<summary> 
 Raises the <see cref="E:System.Windows.Forms.Control.Click"/> event. 
 </summary>
	<param name="e">The <see cref="T:System.EventArgs"/> instance containing the event data.</param>
</member><member name="M:Glass.GlassButton.OnEnter(System.EventArgs)">
	<summary> 
 Raises the <see cref="E:System.Windows.Forms.Control.Enter"/> event. 
 </summary>
	<param name="e">An <see cref="T:System.EventArgs"/> that contains the event data.</param>
</member><member name="M:Glass.GlassButton.OnLeave(System.EventArgs)">
	<summary> 
 Raises the <see cref="E:System.Windows.Forms.Control.Leave"/> event. 
 </summary>
	<param name="e">An <see cref="T:System.EventArgs"/> that contains the event data.</param>
</member><member name="M:Glass.GlassButton.OnKeyDown(System.Windows.Forms.KeyEventArgs)">
	<summary> 
 Raises the <see cref="M:System.Windows.Forms.ButtonBase.OnKeyUp(System.Windows.Forms.KeyEventArgs)"/> event. 
 </summary>
	<param name="e">A <see cref="T:System.Windows.Forms.KeyEventArgs"/> that contains the event data.</param>
</member><member name="M:Glass.GlassButton.OnKeyUp(System.Windows.Forms.KeyEventArgs)">
	<summary> 
 Raises the <see cref="M:System.Windows.Forms.ButtonBase.OnKeyUp(System.Windows.Forms.KeyEventArgs)"/> event. 
 </summary>
	<param name="e">A <see cref="T:System.Windows.Forms.KeyEventArgs"/> that contains the event data.</param>
</member><member name="M:Glass.GlassButton.OnMouseDown(System.Windows.Forms.MouseEventArgs)">
	<summary> 
 Raises the <see cref="E:System.Windows.Forms.Control.MouseDown"/> event. 
 </summary>
	<param name="e">A <see cref="T:System.Windows.Forms.MouseEventArgs"/> that contains the event data.</param>
</member><member name="M:Glass.GlassButton.OnMouseUp(System.Windows.Forms.MouseEventArgs)">
	<summary> 
 Raises the <see cref="E:System.Windows.Forms.Control.MouseUp"/> event. 
 </summary>
	<param name="e">A <see cref="T:System.Windows.Forms.MouseEventArgs"/> that contains the event data.</param>
</member><member name="M:Glass.GlassButton.OnMouseMove(System.Windows.Forms.MouseEventArgs)">
	<summary> 
 Raises the <see cref="M:System.Windows.Forms.Control.OnMouseMove(System.Windows.Forms.MouseEventArgs)"/> event. 
 </summary>
	<param name="e">A <see cref="T:System.Windows.Forms.MouseEventArgs"/> that contains the event data.</param>
</member><member name="M:Glass.GlassButton.OnMouseEnter(System.EventArgs)">
	<summary> 
 Raises the <see cref="E:System.Windows.Forms.Control.MouseEnter"/> event. 
 </summary>
	<param name="e">The <see cref="T:System.EventArgs"/> instance containing the event data.</param>
</member><member name="M:Glass.GlassButton.OnMouseLeave(System.EventArgs)">
	<summary> 
 Raises the <see cref="E:System.Windows.Forms.Control.MouseLeave"/> event. 
 </summary>
	<param name="e">The <see cref="T:System.EventArgs"/> instance containing the event data.</param>
</member><member name="M:Glass.GlassButton.OnPaint(System.Windows.Forms.PaintEventArgs)">
	<summary> 
 Raises the <see cref="M:System.Windows.Forms.ButtonBase.OnPaint(System.Windows.Forms.PaintEventArgs)"/> event. 
 </summary>
	<param name="e">A <see cref="T:System.Windows.Forms.PaintEventArgs"/> that contains the event data.</param>
</member><member name="E:Glass.GlassButton.Paint">
	<summary> 
 Occurs when the control is redrawn. 
 </summary>
</member><member name="P:Glass.GlassButton.FlatAppearance">
	<summary>This property is not relevant for this class.</summary>
	<returns>This property is not relevant for this class.</returns>
</member><member name="P:Glass.GlassButton.FlatStyle">
	<summary>This property is not relevant for this class.</summary>
	<returns>This property is not relevant for this class.</returns>
</member><member name="P:Glass.GlassButton.UseVisualStyleBackColor">
	<summary>This property is not relevant for this class.</summary>
	<returns>This property is not relevant for this class.</returns>
</member><member name="T:Glass.GlassButton">
	<summary> 
 Represents a glass button control. 
 </summary>
</member>
</members>
</doc>